pregunta,respuesta,categoria
¿Qué es una variable en programación?,"Una variable es un espacio en la memoria de la computadora con un nombre, que se usa para guardar un valor (un número, un texto, etc.) y poder reutilizarlo o modificarlo durante el programa.",Programación
¿Qué es un bucle for?,"Un bucle for es una estructura que repite un bloque de código un número determinado de veces, normalmente recorriendo los elementos de una lista o un rango de números.",Programación
¿Para qué sirve un bucle while?,"El bucle while repite un bloque de código mientras una condición sea verdadera. Es útil cuando no sabes de antemano cuántas veces se repetirá la acción.",Programación
¿Qué es una función en programación?,"Una función es un bloque de código con nombre que realiza una tarea específica. Permite reutilizar código, evitar repeticiones y organizar mejor el programa.",Programación
¿Qué es una lista en Python?,"Una lista en Python es una colección ordenada y modificable de elementos, escrita entre corchetes []. Por ejemplo: numeros = [1, 2, 3]. Puede contener datos de distintos tipos.",Programación
¿Qué es un diccionario en Python?,"Un diccionario es una estructura que guarda pares clave-valor, escrita entre llaves {}. Por ejemplo: alumno = {'nombre': 'Ana', 'edad': 20}. Se accede a los valores mediante su clave.",Programación
¿Qué diferencia hay entre una lista y una tupla?,"Una lista es modificable (puedes agregar o cambiar elementos) y se escribe con corchetes []. Una tupla es inmutable (no se puede cambiar) y se escribe con paréntesis ().",Programación
¿Qué es la programación orientada a objetos?,"Es un paradigma de programación que organiza el código en 'objetos', los cuales agrupan datos (atributos) y comportamientos (métodos). Sus pilares son: encapsulamiento, herencia y polimorfismo.",Programación
¿Qué es una condición if?,"La estructura if ejecuta un bloque de código solo si una condición se cumple (es verdadera). Puede acompañarse de else para el caso contrario y elif para condiciones adicionales.",Programación
¿Qué es un comentario en el código?,"Un comentario es un texto que el programador escribe para explicar el código y que la computadora ignora al ejecutar. En Python se escribe con el símbolo #.",Programación
¿Qué es una API?,"Una API (Interfaz de Programación de Aplicaciones) es un conjunto de reglas que permite que dos programas se comuniquen entre sí e intercambien datos o funciones.",Programación
¿Qué es la suma?,"La suma es una operación matemática que combina dos o más números (sumandos) para obtener un resultado total llamado suma o adición. Por ejemplo: 2 + 3 = 5.",Matemáticas
¿Qué es una fracción?,"Una fracción representa una parte de un todo. Se escribe con un numerador (arriba) y un denominador (abajo), como 3/4, que significa tres partes de cuatro.",Matemáticas
¿Qué es un porcentaje?,"Un porcentaje es una forma de expresar una proporción sobre 100. Por ejemplo, 25% significa 25 de cada 100, es decir, la fracción 25/100 o 0.25.",Matemáticas
¿Qué es la media o promedio?,"La media o promedio se obtiene sumando todos los valores de un conjunto y dividiendo entre la cantidad de valores. Por ejemplo, la media de 2, 4 y 6 es (2+4+6)/3 = 4.",Matemáticas
¿Qué es la mediana?,"La mediana es el valor que queda justo en el centro de un conjunto de datos ordenados de menor a mayor. Si hay un número par de datos, es el promedio de los dos centrales.",Matemáticas
¿Qué es la desviación estándar?,"La desviación estándar mide qué tan dispersos están los datos respecto a la media. Un valor pequeño indica que los datos están cerca del promedio; uno grande, que están muy esparcidos.",Matemáticas
¿Qué es una ecuación?,"Una ecuación es una igualdad matemática que contiene una o más incógnitas (valores desconocidos). Resolverla significa encontrar el valor de esas incógnitas, por ejemplo x + 3 = 7.",Matemáticas
¿Qué es una función matemática?,"Una función matemática es una relación que asigna a cada valor de entrada (x) exactamente un valor de salida (y). Se suele escribir como f(x), por ejemplo f(x) = 2x + 1.",Matemáticas
¿Qué es la probabilidad?,"La probabilidad es una medida entre 0 y 1 que indica qué tan posible es que ocurra un evento. Se calcula como casos favorables divididos entre casos posibles.",Matemáticas
¿Qué es la ciencia de datos?,"La ciencia de datos es una disciplina que combina estadística, programación y conocimiento del negocio para extraer información útil y tomar decisiones a partir de los datos.",Ciencia de Datos
¿Qué es el aprendizaje automático o machine learning?,"El aprendizaje automático es una rama de la inteligencia artificial donde los modelos aprenden patrones a partir de datos, en lugar de ser programados con reglas explícitas.",Ciencia de Datos
¿Qué es el aprendizaje supervisado?,"Es un tipo de machine learning donde el modelo aprende a partir de datos etiquetados (con la respuesta correcta), por ejemplo predecir un precio o clasificar correos como spam.",Ciencia de Datos
¿Qué es el aprendizaje no supervisado?,"Es un tipo de machine learning donde el modelo encuentra patrones en datos SIN etiquetas, por ejemplo agrupar clientes parecidos mediante clustering.",Ciencia de Datos
¿Qué es TF-IDF?,"TF-IDF (Term Frequency - Inverse Document Frequency) es una técnica que mide la importancia de una palabra en un documento respecto a una colección. Da más peso a palabras frecuentes en un texto pero raras en el resto.",Ciencia de Datos
¿Qué es la similitud coseno?,"La similitud coseno mide el ángulo entre dos vectores para saber qué tan parecidos son. Va de 0 (nada parecidos) a 1 (idénticos en dirección) y se usa mucho para comparar textos.",Ciencia de Datos
¿Qué es Pandas?,"Pandas es una librería de Python para análisis de datos. Su estructura principal es el DataFrame, una tabla con filas y columnas que facilita leer, filtrar y transformar datos.",Ciencia de Datos
¿Qué es Scikit-Learn?,"Scikit-Learn es una librería de Python para machine learning. Ofrece herramientas para clasificación, regresión, clustering, y procesamiento de datos como la vectorización TF-IDF.",Ciencia de Datos
¿Qué es el procesamiento de lenguaje natural?,"El procesamiento de lenguaje natural (NLP) es el área de la inteligencia artificial que permite a las computadoras entender, interpretar y generar lenguaje humano, como en chatbots y traductores.",Ciencia de Datos
¿Qué es un modelo de lenguaje?,"Un modelo de lenguaje es un sistema de inteligencia artificial entrenado con grandes cantidades de texto para predecir y generar lenguaje, base de asistentes y chatbots modernos.",Ciencia de Datos
¿Qué es entrenar un modelo?,"Entrenar un modelo significa mostrarle muchos datos para que ajuste sus parámetros internos y aprenda a reconocer patrones, de modo que luego pueda hacer predicciones sobre datos nuevos.",Ciencia de Datos
¿Qué es un dataset?,"Un dataset es un conjunto de datos organizado, normalmente en forma de tabla, que se usa para analizar información o para entrenar y evaluar modelos de machine learning.",Ciencia de Datos
¿Qué es Python?,"Python es un lenguaje de programación de alto nivel, fácil de leer y muy usado en ciencia de datos, inteligencia artificial, desarrollo web y automatización.",Programación
¿Qué es un operador en programación?,"Un operador es un símbolo que realiza una operación sobre uno o más valores. Por ejemplo: + (suma), - (resta), == (comparar igualdad) o and (operador lógico).",Programación
¿Qué es la indentación en Python?,"La indentación son los espacios al inicio de una línea. En Python NO es opcional: define qué instrucciones pertenecen a un bloque, como el cuerpo de un if, un bucle o una función.",Programación
¿Qué es un error de sintaxis?,"Un error de sintaxis ocurre cuando el código no respeta las reglas del lenguaje, por ejemplo olvidar dos puntos o un paréntesis. El programa no se ejecuta hasta corregirlo.",Programación
¿Qué es depurar o debuggear?,"Depurar (debug) es el proceso de encontrar y corregir errores en un programa, observando cómo se comporta el código paso a paso para localizar la causa del problema.",Programación
¿Qué es una librería o biblioteca?,"Una librería es un conjunto de código ya hecho que puedes reutilizar en tus programas. Por ejemplo, Pandas y Scikit-Learn son librerías de Python.",Programación
¿Qué es un parámetro de una función?,"Un parámetro es una variable que recibe una función para trabajar con ella. Al llamar a la función, le pasas valores concretos llamados argumentos.",Programación
¿Qué es la recursividad?,"La recursividad ocurre cuando una función se llama a sí misma para resolver un problema dividiéndolo en casos más pequeños, hasta llegar a un caso base que detiene las llamadas.",Programación
¿Qué es una cadena de texto o string?,"Un string es un tipo de dato que representa texto, es decir, una secuencia de caracteres. En Python se escribe entre comillas, por ejemplo 'Hola mundo'.",Programación
¿Qué es un valor booleano?,"Un booleano es un tipo de dato que solo puede tomar dos valores: True (verdadero) o False (falso). Se usa para tomar decisiones en condiciones.",Programación
¿Qué es un algoritmo?,"Un algoritmo es una secuencia ordenada de pasos bien definidos que resuelve un problema o realiza una tarea, como una receta de cocina para la computadora.",Programación
¿Qué es Git?,"Git es un sistema de control de versiones que registra los cambios en el código a lo largo del tiempo, permite volver a versiones anteriores y trabajar en equipo sin perder información.",Programación
¿Qué es una clase en programación orientada a objetos?,"Una clase es una plantilla que define cómo serán los objetos: qué datos (atributos) y qué acciones (métodos) tendrán. A partir de una clase se crean objetos.",Programación
¿Qué es un objeto en programación?,"Un objeto es una instancia concreta de una clase. Si la clase es 'Coche', un objeto sería un coche específico con su color y modelo propios.",Programación
¿Qué es la resta?,"La resta es la operación matemática que quita una cantidad de otra para hallar la diferencia. Por ejemplo: 7 - 3 = 4.",Matemáticas
¿Qué es la multiplicación?,"La multiplicación es una suma abreviada de un mismo número varias veces. Por ejemplo: 4 x 3 es sumar 4 tres veces (4+4+4) = 12.",Matemáticas
¿Qué es la división?,"La división reparte una cantidad en partes iguales o indica cuántas veces cabe un número en otro. Por ejemplo: 12 / 3 = 4.",Matemáticas
¿Qué es una potencia?,"Una potencia es multiplicar un número (la base) por sí mismo varias veces (el exponente). Por ejemplo: 2^3 = 2 x 2 x 2 = 8.",Matemáticas
¿Qué es la raíz cuadrada?,"La raíz cuadrada de un número es el valor que, multiplicado por sí mismo, da ese número. Por ejemplo, la raíz cuadrada de 9 es 3, porque 3 x 3 = 9.",Matemáticas
¿Qué es un número primo?,"Un número primo es aquel mayor que 1 que solo se puede dividir exactamente entre 1 y entre sí mismo. Por ejemplo: 2, 3, 5, 7 y 11.",Matemáticas
¿Qué es la moda en estadística?,"La moda es el valor que más se repite en un conjunto de datos. Por ejemplo, en 2, 3, 3, 5 la moda es 3.",Matemáticas
¿Qué es el rango en estadística?,"El rango es la diferencia entre el valor más grande y el más pequeño de un conjunto de datos. Indica qué tan dispersos están.",Matemáticas
¿Qué es la varianza?,"La varianza mide qué tan lejos están los datos de su media, en promedio. Es el cuadrado de la desviación estándar; a mayor varianza, más dispersos los datos.",Matemáticas
¿Qué es el teorema de Pitágoras?,"El teorema de Pitágoras dice que en un triángulo rectángulo, el cuadrado de la hipotenusa es igual a la suma de los cuadrados de los catetos: a² + b² = c².",Matemáticas
¿Qué es la inteligencia artificial?,"La inteligencia artificial (IA) es el campo que busca que las máquinas realicen tareas que normalmente requieren inteligencia humana, como entender lenguaje, ver imágenes o tomar decisiones.",Ciencia de Datos
¿Qué es la regresión lineal?,"La regresión lineal es un modelo que busca la línea recta que mejor describe la relación entre variables, para predecir un valor numérico, como el precio de una casa según su tamaño.",Ciencia de Datos
¿Qué es la clasificación en machine learning?,"La clasificación es una tarea de aprendizaje supervisado donde el modelo asigna cada dato a una categoría, por ejemplo decidir si un correo es 'spam' o 'no spam'.",Ciencia de Datos
¿Qué es el clustering o agrupamiento?,"El clustering es una técnica de aprendizaje no supervisado que agrupa datos parecidos entre sí sin conocer las etiquetas, por ejemplo segmentar clientes por comportamiento.",Ciencia de Datos
¿Qué es el sobreajuste u overfitting?,"El sobreajuste ocurre cuando un modelo aprende demasiado los datos de entrenamiento, incluso el ruido, y por eso falla al predecir datos nuevos que no había visto.",Ciencia de Datos
¿Qué son los datos de entrenamiento y de prueba?,"Los datos de entrenamiento se usan para que el modelo aprenda, y los de prueba para evaluar qué tan bien predice con datos que no vio antes. Así se mide su rendimiento real.",Ciencia de Datos
¿Qué es NumPy?,"NumPy es una librería de Python para cálculo numérico. Permite trabajar de forma eficiente con arreglos y matrices, y es la base de muchas otras librerías de datos.",Ciencia de Datos
¿Qué es Matplotlib?,"Matplotlib es una librería de Python para crear gráficas, como líneas, barras o dispersión, muy útil para visualizar y entender los datos.",Ciencia de Datos
¿Qué es una red neuronal?,"Una red neuronal es un modelo inspirado en el cerebro, formado por capas de 'neuronas' conectadas que aprenden patrones complejos a partir de los datos.",Ciencia de Datos
¿Qué es la limpieza de datos?,"La limpieza de datos es el proceso de corregir o eliminar datos incorrectos, duplicados o faltantes, para que el análisis y los modelos sean confiables.",Ciencia de Datos
¿Qué es la tokenización en NLP?,"La tokenización es dividir un texto en unidades más pequeñas llamadas tokens, normalmente palabras, para que la computadora pueda procesarlo y analizarlo.",Ciencia de Datos
¿Qué son las stopwords o palabras vacías?,"Las stopwords son palabras muy comunes (como 'el', 'la', 'de', 'que') que aportan poco significado y suelen eliminarse antes de analizar un texto en NLP.",Ciencia de Datos
